Sr No,Date dd/mm/yyyy,City  Location,Startup Name,Industry Vertical,Amount in USD
1,09-01-2020,Bengaluru,BYJUâ€™S,E-Tech,"20,00,00,000"
2,13-01-2020,Gurgaon,Shuttl,Transportation,"80,48,394"
3,09-01-2020,Bengaluru,Mamaearth,E-commerce,"1,83,58,860"
4,02-01-2020,New Delhi,https://www.wealthbucket.in/,FinTech,"30,00,000"
5,02-01-2020,Mumbai,Fashor,Fashion and Apparel,"18,00,000"
6,13-01-2020,Chennai,Pando,Logistics,"90,00,000"
7,10-01-2020,Gurgaon,Zomato,Hospitality,"15,00,00,000"
8,12-12-2019,Pune,Ecozen,Technology,"60,00,000"
9,06-12-2019,Gurgaon,CarDekho,E-Commerce,"7,00,00,000"
10,03-12-2019,Bengaluru,Dhruva Space,Aerospace,"5,00,00,000"
11,13-12-2019,Gurgaon,Rivigo,Technology,"2,00,00,000"
12,17-12-2019,Bengaluru,Healthians,B2B-focused foodtech startup,"1,20,00,000"
13,16-12-2019,Bengaluru,Licious,E-Commerce,"3,00,00,000"
14,16-12-2019,Mumbai,InCred,Finance,"59,00,000"
15,14-12-2019,Bengaluru,Trell,Video,"20,00,000"
16,11-12-2019,Noida,Rein Games,Gaming,"5,00,00,000"
17,20-12-2019,Faridabad,Lenskart.com,E-Commerce,"23,10,00,000"
18,13-11-2019,San Francisco,Freshworks,Software,"15,00,00,000"
19,14-11-2019,Gurgaon,Misters,Health and wellness,"4,86,000"
20,13-11-2019,Gurgaon,Sunstone Eduversity Pvt. Ltd,Education,"15,00,000"
21,17-11-2019,Gurgaon,Burger Singh,Food and Beverage,undisclosed
22,18-11-2019,Gurgaon,Healthians,Health and Wellness,"1,20,00,000"
23,15-11-2019,Bengaluru,Ninjacart,B2B Marketing,"2,60,00,000"
24,20-11-2019,Gurgaon,Aye Finance,FinTech,"1,74,11,265"
25,12-11-2019,Pune,SuperGaming,Video Games,"13,00,000"
26,20-11-2019,"San Jose,",Clumio,SaaS,"13,50,00,000"
27,11-11-2019,Amritsar,eBikeGo,Last Mile Transportation,"3,00,000"
28,19-11-2019,Delhi,Digital Mall Asia,E-Commerce,"22,00,00,000"
29,18-11-2019,Mumbai,Medikabazaar,Healthcare,"1,58,00,000"
30,15-11-2019,Kormangala,Vogo Automotive,Last Mile Transportation,"28,30,00,000"
31,19-11-2019,Tulangan,Furtados School of Music,Education,"20,00,00,000"
32,25-11-2019,Noida,Paytm,FinTech,"1,00,00,00,000"
33,04-10-2019,Bengaluru,Dunzo,Customer Service,"4,50,00,000"
34,02-10-2019,Bengaluru,Udaan,B2B,"58,50,00,000"
35,21-10-2019,Gurgaon,The Man Company,Consumer Goods,unknown
36,05-09-2019,Pune,FPL Technologies,FinTech,"45,00,000"
37,04-09-2019,Mumbai,Cashflo,FinTech,"33,00,000"
38,04-09-2019,Mumbai,Digital F5,"Advertising, Marketing","60,00,000"
39,04-09-2019,Hyderabad,3rdFlix,SaaS,"50,00,000"
40,04-09-2019,Burnsville,75F,IoT,"1,80,00,000"
41,04-09-2019,Bengaluru,Myelin Foundry,Information Technology,"10,00,000"
42,04-09-2019,Mumbai,Atomberg Technology,Consumer Technology,"1,00,00,000"
43,04-09-2019,Menlo Park,GOQii,Health and Wellness,"45,00,00,000"
44,03-09-2019,Bengaluru,Vyapar App,Accounting,"50,00,000"
45,01-08-2019,Gurgaon,CarDekho,E-Commerce,"2,00,00,000"
46,01-08-2019,New Delhi,Progcap,Finance,"50,00,000"
47,01-08-2019,Bengaluru,MyPetrolPump,Retail,"16,00,000"
48,01-08-2019,Mumbai,Alteria Capital,Finance,"14,00,00,000"
49,01-08-2019,Noida,Pine Labs,Information Technology,"3,80,80,000"
50,12-08-2019,Bengaluru,Meesho,E-Commerce,"12,50,00,000"
51,13-08-2019,Gurugram,Cars24,E-Commerce,"1,10,00,000"
52,13-08-2019,Palo Alto,Uniphore,Customer Service Platform,"5,10,00,000"
53,23-08-2019,San Francisco,Zendrive,Automotive,"3,70,00,000"
54,23-08-2019,Bengaluru,Lo! Foods,Consumer Goods,"5,00,000"
55,23-08-2019,Santa Monica,Tala,FinTech,"11,00,00,000"
56,22-08-2019,Gurgaon,INDwealth,FinTech,"1,50,00,000"
57,21-08-2019,Bengaluru,HungerBox,Food and Beverage,"65,90,000"
58,23-08-2019,Noida,AdmitKard,EdTech,"10,00,000"
59,19-08-2019,Gurgaon,Mishry Reviews,Services,Undisclosed
60,19-08-2019,Gurgaon,Grofers,E-Commerce,"7,00,00,000"
61,27-08-2019,Bengaluru,Rapido Bike Taxi,Transportation,"3,90,00,00,000"
62,02-07-2019,Gurgaon,RenewBuy,Finance,"1,90,00,000"
63,02-07-2019,Singapore,Atlan,Information Technology,"25,00,000"
64,01-07-2019,New Delhi,WizCounsel,Compliance,"1,45,000"
65,03-07-2019,Kormangala,Ola Cabs,Transport,"10,00,000"
66,01-07-2019,Taramani,Uniphore,Artificial Intelligence,"3,80,80,000"
67,04-07-2019,New Delhi,Daalchini Technologies,Food and Beverage,"5,00,000"
68,10-07-2019,Bengaluru,"""BYJU\\'S""",EdTech,"15,00,00,000"
69,11-07-2019,Singapore,Moglix,E-Commerce,"6,00,00,000"
70,10-07-2019,Singapore,Ezyhaul,Tech,"1,60,00,000"
71,10-07-2019,Andheri,Indus OS,Tech,"57,50,000"
72,10-07-2019,Mumbai,HealthAssure,Health Care,"25,00,000"
73,09-07-2019,Mumbai,House of Msasaba,Luxury Label,"10,00,000"
74,08-07-2019,Chembur,Board Infinity,EdTech,"3,19,605"
75,05-06-2019,Bengaluru,NoBroker,E-Commerce,"5,10,00,000"
76,04-06-2019,New Delhi,Bira91,Food and Beverage,"1,00,00,000"
77,03-06-2019,Gurgaon,FabHotels,E-Commerce,"48,89,975.54"
78,03-06-2019,Bengaluru,Avail Finance,Finance,"90,00,000"
79,04-06-2019,New Delhi,BharatPe,Finance,"7,50,00,000"
80,04-06-2019,Hyderabad,Recykal,Waste Management Service,"2,60,00,000"
81,03-06-2019,Bengaluru,Agara Labs,Deep-Tech,"25,00,000"
82,06-06-2019,Nairobi,Sistema.bio,Agriculture,"27,39,034.68"
83,06-06-2019,New Delhi,Chakr Innovation,Energy,"2,60,00,000"
84,06-06-2019,Bengaluru,Pratilipi,Digital Media,"1,51,09,500.00"
85,10-06-2019,Bengaluru,Bolo App,Digital Media,"4,30,200"
86,10-06-2019,Haryana,OkCredit,FinTech,"1,55,00,000"
87,06-06-2019,New York,Biz2Credit,FinTech,"5,20,00,000"
88,08-06-2019,Karnataka,Vogo Automotive Pvt. Ltd.,Transportation,"35,84,000"
89,04-06-2019,Mumbai/Bengaluru,Leegality,Services,"34,00,000"
90,06-05-2019,Bengaluru,Ola Electric,Transport,undisclosed
91,06-05-2019,Bengaluru,Saahas Zero Waste,Waste Management Service,"8,68,600"
92,05-05-2019,Delhi,StyleDotMe,E-commerce,undisclosed
93,01-05-2019,Bengaluru,BlackBuck,Transport,"15,00,00,000"
94,02-05-2019,Hyderabad,Zenoti,Saas,"5,00,00,000"
95,28-05-2019,Bengaluru,Ather Energy,Automobile,"5,10,00,000"
96,28-05-2019,Mumbai,FreshVnF,Agtech,"14,00,00,000"
97,30-05-2019,Bengaluru,GlowRoad,E-commerce,"1,15,00,000"
98,31-05-2019,New Delhi,Bira91,Food and Beverage,"56,00,000"
99,16-04-2019,Bengaluru,Kuvera,Finance,"4,50,00,000"
100,12-04-2019,Bengaluru,Medlife,E-commerce,"1,70,00,000"
101,10-04-2019,Bhopal,Kabadiwala,E-commerce,"4,30,665"
102,13-04-2019,New Delhi,Tripoto,Social Media,"35,91,375"
103,12-04-2019,Gurugram,Azah,Health and Wellness,"2,00,000"
104,11-04-2019,Bengaluru,Setu,Fintech,"35,00,000"
105,10-04-2019,Mumbai,Toppr,Edtech,"63,20,820"
106,10-04-2019,Mumbai,Craftsvilla,E-commerce,"24,43,495"
107,10-04-2019,Bengaluru,Unacademy,Edtech,"3,07,000"
108,11-04-2019,Mumbai,CleverTap,SaaS,"2,60,00,000"
109,19-04-2019,Bengaluru and Gurugram,My Healthcare,E-commerce,"30,00,000"
110,19-04-2019,Bengaluru,KrazyBee,E-commerce,"14,342,000+"
111,17-04-2019,Gurugram,Shuttl,Transportation,"50,00,000"
112,17-04-2019,Bengaluru,Increff,Technology,"30,00,000"
113,01-02-2019,Gurgaon,FleetX,AI,Undisclosed
114,08-02-2019,India/Singapore,Zilingo,Ecommerce,"22,60,00,000"
115,13-02-2019,New Delhi,NanoClean Global,Nanotechnology,"6,00,000"
116,14-02-2018,Gurgaon,OyoRooms,Hospitality,"10,00,00,000"
117,03-01-2019,Jaipur,CarDekho,Automobile,"11,00,00,000"
118,04-01-2019,India/US,Vyome Therapeutics Inc.,Health and Wellness,"2,20,00,000"
119,04-01-2019,Chennai,Samunnati Financial Intermediation & Services Pvt. Ltd,Finance,"50,00,000"
120,04-12-2018,Delhi,Manch,Social Media,"7,00,000"
121,01-12-2018,New Delhi,UrbanClap Technologies Pvt. Ltd,Services Platform,"5,00,00,000"
122,02-12-2018,Mumbai,Guiddoo,Travel Tech,"8,00,000"
123,02-12-2018,Gurugram,Career Anna,Online Education,"5,72,000"
124,04-12-2018,Nagpur,Nagpur Wholesale,Online Marketplace,"1,43,000"
125,06-12-2018,Indore,ShopKirana,B2B,"20,00,000"
126,06-12-2018,Gurugram,BuildSupply,"SaaS, Ecommerce","35,00,000"
127,01-11-2018,Bengaluru,GoDesi,Food and Beverage,"1,38,995"
128,03-11-2018,Chennai,Veritas Finance Ltd.,NBFC,"2,77,99,000"
129,06-11-2018,Bengaluru,Meesho,Ecommerce,"5,00,00,000"
130,08-11-2018,Bengaluru,Mobile Premier League,Gaming,"5,00,000"
131,08-11-2018,Jaipur,A&R Bon Vivants,Food,"10,00,000"
132,12-11-2018,"New York, Bengaluru",Blackbuck,Food Tech,"10,00,000"
133,12-11-2018,New Delhi,MilkBAsket,Food,"13,00,000"
134,13-11-2018,Bengaluru,DriveU,Transport,"10,00,000"
135,14-11-2018,Bengaluru,CleanseCar,Services,"5,00,000"
136,19-11-2018,California,Automation Anywhere,Automation,"30,00,00,000"
137,20-11-2018,Bengaluru,HealthifyMe,Health and Wellness,"60,00,000"
138,21-11-2018,Noida,Genius Corner,Education,"2,78,000"
139,22-11-2018,Mumbai,Aavishkaar-Intellecap Group,Investment,"3,10,00,000"
140,22-11-2018,Gurugram,Skillbox,Social Network,Undisclosed
141,23-11-2018,Mumbai/Bengaluru,Signzy,Financial Tech,"34,00,000"
142,24-11-2018,India/US,Engineer.ai,Software,"2,95,00,000"
143,25-11-2018,India,InCred Finance,Finance,"4,20,00,000"
144,25-11-2018,Delhi,Roposo,Social Media,"17,00,000"
145,01-10-2018,Delhi,Northmist,Fashion,N/A
146,02-10-2018,Hyderabad,Origo Commodities India Pvt. Ltd,Logistics,"1,10,00,000"
147,04-10-2018,Mumbai,Grover Zampa,Food,"82,00,000"
148,05-10-2018,Gurgaon,Droom,Automobile,"30,00,000"
149,11-10-2018,New Delhi,Innov8,Real Estate,"40,00,000"
150,12-10-2018,Bengaluru,Blackbuck,Logistics Tech,"1,46,80,000"
151,12-10-2018,Bengaluru,LetsTransport,Logistics Tech,"1,20,00,000"
152,01-09-2018,Chennai,Netmeds,Consumer Internet,"3,50,00,000"
153,03-09-2018,Bengaluru,Udaan,B2B Platform,"22,50,00,000"
154,03-09-2018,Bengaluru,Daily hunt,Consumer Internet,"63,90,000"
155,04-09-2018,Delhi,3HCare,Healthcare,"10,00,000"
156,04-09-2018,Gurugram,HappyGoEasy,Consumer Internet,N/A
157,05-09-2018,Mumbai,Nykaa,Consumer Internet,"15,72,00,000"
158,05-09-2018,Chennai,Mad Street Den,Technology,N/A
159,06-09-2018,Mumbai,Dream11,Consumer Internet,"10,00,00,000"
160,10-09-2018,Gurugram,MamaEarth,Healthcare,"40,00,000"
161,11-09-2018,Bengaluru,AutoGrid,Technology,"3,20,00,000"
162,11-09-2018,Mumbai,Pharmeasy,Consumer Internet,"55,00,000"
163,11-09-2018,Mumbai,Upwards,Fin-Tech,"50,00,000"
164,12-09-2018,Mumbai,Kissht,Fin-Tech,"3,00,00,000"
165,01-08-2018,Bengaluru,dishq,Food-Tech,"4,00,000"
166,01-08-2018,Pune,HealthFin,Finance,N/A
167,02-08-2018,Hyderabad,Samosa Labs,Consumer Internet,"70,00,000"
168,03-08-2018,Gurugram,ZiffyHomes,Consumer Internet,"1,20,000"
169,07-08-2018,Mumbai,My OmNamo,Consumer Internet,"10,00,000"
170,07-08-2018,Bengaluru,ShopX,Consumer Internet,"3,50,00,000"
171,07-08-2018,Gurugram,MakeMyTrip,Consumer Internet,"1,00,00,000"
172,08-08-2018,Bengaluru,Hansel io,Consumer Internet,"40,00,000"
173,08-08-2018,Bengaluru,Metro Bikes,Consumer Internet,"1,22,00,000"
174,08-08-2018,Bengaluru,Phone Pe,Consumer Internet,"6,60,00,000"
175,09-08-2018,Bengaluru,quizizz,Ed-Tech,"30,00,000"
176,09-08-2018,Bengaluru,Happy EMI,Fin-Tech,"10,00,000"
177,13-08-2018,Chennai,Inthree,Consumer Internet,"40,00,000"
178,13-08-2018,Bengaluru,Observe AI,Technology,"80,00,000"
179,16-08-2018,Ahemadabad,Enakshi,Consumer Internet,"1,14,811"
180,17-08-2018,Gurugram,EazyDiner,Consumer Internet,"58,50,000"
181,20-08-2018,Bengaluru,Finzy,Finance,"10,00,000"
182,20-08-2018,Mumbai,RawPressery,Consumer Internet,"48,00,000"
183,22-08-2018,Bengaluru,Pi Ventures,Technology,"60,00,000"
184,22-08-2018,Gurugram,Revv,Consumer Internet,"1,42,70,000"
185,26-08-2018,Bengaluru,ZestMoney,Consumer Internet,"1,34,00,000"
186,26-08-2018,Bengaluru,Shubh Loans,Fin-Tech,"42,00,000"
187,27-08-2018,Delhi,MyUpchar,Healthcare,"50,00,000"
188,28-08-2018,Bengaluru,Narvar,IT,"30,00,000"
189,30-08-2018,Mumbai,True North,Finance,"60,00,00,000"
190,01-07-2018,Gurugram,Leena AI,Technology,N/A
191,02-07-2018,Gurugram,Biryani By Kilo,Consumer Internet,"10,00,000"
192,04-07-2018,Pune,Anchanto,IT,"40,00,000"
193,05/072018,Mumbai,Loan Tap,Consumer Internet,"62,50,000"
194,06-07-2018,Gurugram,PolicyBazaar,Consumer Internet,"2,77,00,000"
195,09-07-2018,Bengaluru,zippserv,Consumer Internet,"4,40,000"
196,09-07-2018,Bengaluru,Groww,Consumer Internet,"11,00,000"
197,10-07-2018,Gurugram,Avenue Growth,Consumer Internet,"4,37,000"
198,10-07-2018,Delhi,iNICU,Healthcare,N/A
199,10-07-2018,Bengaluru,Kinara Capital,Finance,"50,00,000"
200,10-07-2018,Mumbai,Shop 101,Consumer Internet,"50,00,000"
201,11-07-2018,Rourkela,Sambandh,Consumer Internet,"25,00,000"
202,12-07-2018,Gurugram,19th mile,IT,"1,80,000"
203,12-07-2018,Bengaluru,5th Vital,Healthcare,"5,00,000"
204,13-07-2018,Jaipur,MEngage,Healthcare,"1,75,000"
205,17-07-2018,Gurugram,Ofbusiness,Finance,"2,90,00,000"
206,17-07-2018,Gurugram,Cars24,Consumer Internet,"4,97,00,000"
207,18-07-2018,Bengaluru,The Ken,Consumer Internet,"15,00,000"
208,19-07-2018,Mumbai,Book My Show,Consumer Internet,"10,00,00,000"
209,20-07-2018,Bengaluru,HousingMan,Consumer Internet,"15,00,000"
210,21-07-2018,Mumbai,PaySense,Consumer Internet,"1,80,00,000"
211,23-07-2018,Bengaluru,Yulu Bikes,Technology,N/A
212,23-07-2018,Gurugram,VTION,Technology,"2,80,000"
213,23-07-2018,Bengaluru,Log9 Materials,Technology,"4,36,000"
214,24-07-2018,Bengaluru,kidovators,Ed-Tech,"1,80,000"
215,24-07-2018,Pune,Digit,Consumer Internet,"4,50,00,000"
216,25-07-2018,Mumbai,Black Soil,Finance,"1,70,00,000"
217,25-07-2018,Bengaluru,Trell,Consumer Internet,"12,50,000"
218,25-07-2018,Bengaluru,iqlect,Technology,"25,00,000"
219,26-07-2018,Bengaluru,Entropik,IT,"11,00,000"
220,26-07-2018,Bengaluru,Bitla Software,Technology,N/A
221,26-07-2018,Hyderabad,TheCapitalNet,Fin-Tech,"5,00,000"
222,30-07-2018,Gurugram,Shuttl,Consumer Internet,"1,10,00,000"
223,30-07-2018,Bengaluru,Cure Fit,Consumer Internet,"12,00,00,000"
224,31-07-2018,Chennai,Five Star Group,Fin-Tech,"10,00,00,000"
225,31-07-2018,Hyderabad,Healthsignz,Healthcare,"50,00,000"
226,01-06-2018,Gurugram,CoinTribe,Finance,"1,00,00,000"
227,04-06-2018,Bengaluru,Digiconectt,Technology,"1,25,000"
228,04-06-2018,Srinagar,Kashmir Box,E-Commerce,N/A
229,05-06-2018,Nagpur,Crowdera,Finance,N/A
230,05-06-2018,Mumbai,Zoctr,Healthcare,N/A
231,07-06-2018,Bhubneswar,Annapurna Finance,Finance,"2,30,00,000"
232,07-06-2018,Bengaluru,Meesho,Consumer Internet,"1,15,00,000"
233,10-06-2018,Gurugram,AyeFinance,Finance,"2,15,00,000"
234,11-06-2018,Hyderabad,Theranosis,Healthcare,N/A
235,12-06-2018,Mumbai,Alpha Capital,Finance,"1,48,00,000"
236,12-06-2018,Chennai,eshakti,E-Commerce,"1,01,00,000"
237,12-06-2018,Bengaluru,Daily Ninja,Consumer Internet,"30,00,000"
238,13-06-2018,Gurugram,NirogStreet,Healthcare,"3,000,00"
239,13-06-2018,Noida,Nivesh,Finance,"4,50,000"
240,13-06-2018,Gurugram,What\\xe2\\x80\\x99s Up Life,Consumer Internet,N/A
241,14-06-2018,Bengaluru,HomeLane,Consumer Internet,"34,50,000"
242,14-06-2018,Mumbai,Network Intelligence,Technology,"48,00,000"
243,18-06-2018,Chandigarh,Tynor Othontics,Healthcare,"2,10,00,000"
244,18-06-2018,Delhi & Cambridge,Elucidata,IT,"17,00,000"
245,19-06-2018,Pune,Chrysalis,Ed-Tech,N/A
246,19-06-2018,Bengaluru,RentSher,Consumer Internet,"11,00,000"
247,20-06-2018,Mumbai,Drip capital,Finance,"1,50,00,000"
248,22-06-2018,Bengaluru,WickedRide,Consumer Internet,"91,00,000"
249,25-06-2018,Gurugram,PolicyBazaar,Consumer Internet,"20,00,00,000"
250,25-06-2018,Bengaluru,HipBar,Consumer Internet,"40,00,000"
251,25-06-2018,Gurugram,Sqqrl,Finance,"10,00,000"
252,26-06-2018,Noida,Paytm,Technology,"89,50,000"
253,26-06-2018,Bengaluru,Sigtuple,Healthcare,"1,90,00,000"
254,27-06-2018,Mumbai,Wow Express,Technology,"45,00,000"
255,28-06-2018,Bengaluru,Front Desk AI,Technology,"11,00,000"
256,28-06-2018,Bengaluru,Edureka,Ed-Tech,"20,00,000"
257,29-06-2018,Kolkatta,Numeroseven,Technology,N/A
258,02-05-2018,Chennai,OpenTap,Finance,"4,50,000"
259,02-05-2018,Mumbai,Bizongo,Consumer Internet,"2,20,00,000"
260,03-05-2018,Chennai,Disprz,IT,"25,00,000"
261,07-05-2018,Mumbai,PaisaDukan,Consumer Internet,"2,25,000"
262,09-05-2018,Mumbai,i3sysytems,Technology,"10,00,000"
263,11-05-2018,Pune,Earth Food,Consumer Internet,"9,49,000"
264,14-05-2018,Mumbai,Nykaa,Consumer Internet,"2,40,00,000"
265,16-05-2018,Bengaluru,mfine,Healthcare,4200000
266,21-05-2018,Bengaluru,Rocketium,Technology,"3,00,000"
267,21-05-2018,Gurugram,MilkBasket,Technology,"70,00,000"
268,22-05-2018,Bengaluru,Vola,Finance,"5,00,000"
269,22-05-2018,Bengaluru,Cashkumar,Consumer Internet,"7,35,000"
270,23-05-2018,Bengaluru,Edyoo,E-Commerce,"7,35,000"
271,23-05-2018,Kolkata,Aashiyaan,Finance,"20,00,000"
272,24-05-2018,Delhi,Smartivity,Ed-tech,"20,00,000"
273,24-05-2018,Delhi,Bonphulapl,Clean-tech,"2,93,000"
274,27-05-2018,Mumbai,Acko,Consumer Internet,"1,20,00,000"
275,28-05-2018,Mumbai,HWell24,Healthcare,"2,00,000"
276,29-05-2018,Gurugram,Toffee,Consumer Internet,"15,00,000"
277,29-05-2018,Bengaluru,Tonetag,Technology,"80,00,000"
278,30-05-2018,Bengaluru,Events High,Consumer Internet,N/A
279,30-05-2018,Bengaluru,Stellaps,Technology,"1,40,00,000"
280,31-05-2018,Hyderabad,Credright,Consumer Internet,"13,000,00"
281,02-04-2018,Mumbai,Fitternity,Consumer Internet,"20,00,000"
282,02-04-2018,Coimbatore,Synctag,Technology,"3,07,600"
283,02-04-2018,Gurugram,Benepik,Technology,N/A
284,02-04-2018,Bengaluru,Finzy,Consumer Internet,"13,00,000"
285,04-04-2018,Bengaluru,Varthana,Finance,"5,50,00,000"
286,05-04-2018,Hyderabad,IndigoLearn,Ed-Tech,"1,50,000"
287,05-04-2018,Bangalore,Vedantu,Ed-Tech,"1,00,00,000"
288,09-04-2018,Chennai,Kaleidofin,Fiinance,"28,00,000"
289,09-04-2018,Mumbai,Pipabella,Consumer Internet,"1,000,000,"
290,09-04-2018,Mumbai,Elemential,Technology,N/A
291,09-04-2018,Delhi,Kriger Campus,Ed-Tech,"46,140"
292,10-04-2018,Bengaluru,Loanzen,Finance,N/A
293,10-04-2018,Gurugram,TravelTriangle,Consumer Internet,"1,20,00,000"
294,12-04-2018,Delhi,Letsmd,Healthcare,"10,00,000"
295,12-04-2018,Gurugram,AyeFinance,Finance,"46,000,00"
296,13-04-2018,Mumbai,mintifi,Finance,"20,00,000"
297,16-04-2018,Delhi,icanstay,Consumer Internet,"5,00,000"
298,16-04-2018,Bengaluru,Pregbuddy,Healthcare,N/A
299,18-04-2018,Mumbai,Coverfox,Consumer Internet,"2,20,00,000"
300,19-04-2018,Faridabad,Lenskart,Consumer Internet,N/A
301,19-04-2018,Gurugram,mamaearth,Healthcare,N/A
302,19-04-2018,Bengaluru,Fyle Technologies,Technology,"11,000,00"
303,19-04-2018,Gurugram,True Balance,Technology,"2,30,00,000"
304,22-04-2018,Delhi,Visit,Healthcare,N/A
305,22-04-2018,Mumbai,Doxper,Healthcare,"19,00,000"
306,22-04-2018,Mumbai,Nykaa,Consumer Internet,"1,10,00,000"
307,23-04-2018,Mumbai,Mihuru,Finance,"1,50,000"
308,23-04-2018,Bengaluru,Capital Float,Finance,"2,20,00,000"
309,25-04-2018,Delhi,Trip shelf,Consumer Internet,"2,46,000"
310,26-04-2018,Delhi,POPxo,Technology,"55,00,000"
311,26-04-2018,Noida,RailYatri,Consumer Internet,N/A
312,27-04-2018,Gurugram,1mg,Consumer Internet,"1,00,00,000"
313,29-04-2018,Mumbai,Rubique,Consumer Internet,N/A
314,30-04-2018,Mumbai,Samco,Consumer Internet,"75,00,000"
315,30-04-2018,Gurgaon,MyLoanCare,Finance,"9,78,000"
316,01-03-2018,Mumbai,PharmEasy,Consumer Internet,N/A
317,01-03-2018,Noida,Buddy4studdy,Consumer Internet,"30,00,000"
318,01-03-2018,Bengaluru,Urban Ladder,E-Commerce,"1,20,00,000"
319,03-03-2018,Bengaluru,Kuvera,Consumer Internet,"2,50,000"
320,04-03-2018,Indore,Gramophone,Technology,"10,00,000"
321,05-03-2018,Mumbai,Wellthy,Healthcare,"21,00,000"
322,05-03-2018,Bengaluru,MedGenome,Healthcare,"1,00,00,000"
323,05-03-2018,Jaipur,Finova Capital,Consumer Internet,"60,00,000"
324,05-03-2018,Noida,Hotelogix,Technology,"50,00,000"
325,04-03-2018,Pune,Livehealth,Consumer Internet,"11,00,000"
326,06-03-2018,Chennai,Ad2pro,Technology,"97,00,000"
327,06-03-2018,Mumbai,Coverfox,Consumer Internet,"76,00,000"
328,08-03-2018,Mumbai,Pepperfry,Consumer Internet,"3,84,00,000"
329,08-03-2018,Gurugram,Magicpin,Consumer Internet,"10,00,000"
330,12-03-2018,Mumbai,HealthCare,Consumer Internet,"10,00,000"
331,13-03-2018,Mumbai,PineLabs,Technology,"8,20,00,000"
332,14-03-2018,Hyderabad,Stumagz,Consumer Internet,N/A
333,14-03-2018,Bengaluru,AvailFinance,Consumer Internet,"1,72,00,000"
334,15-03-2018,Gurugram,Grofers,Consumer Internet,"6,20,00,000"
335,19-03-2018,Mumbai,Fingerlix,Consumer Internet,"13,10,000"
336,19-03-2018,Udaipur,Karma Healthcare,Healthcare,"5,00,000"
337,19-03-2018,Gurugram,Zappfresh,Food & Beverages,"30,00,000"
338,19-03-2018,Gurugram,CustomerSucessBox,Technology,"10,00,000"
339,20-03-2018,N/A,One Labs,Consumer Internet,N/A
340,21-03-2018,Pune,GigIndia,Consumer Internet,N/A
341,22-03-2018,Chennai,Chargebee,Technology,"1,80,00,000"
342,22-03-2018,Noida,i2i Funding,Consumer Internet,"7,68,000"
343,22-03-2018,Bengaluru,Slang Labs,Technology,"12,40,000"
344,22-03-2018,Bengaluru,UrbanPiper,Technology,N/A
345,26-03-2018,Delhi,Cash Suvidha,Consumer Internet,"10,00,000"
346,28-03-2018,Delhi,Roadcast,Technology,"2,50,000"
347,28-03-2018,Bengaluru,Smartcoin,Finance,"20,00,000"
348,27-03-2018,Delhi,The Print,Media,"5,35,000"
349,27-03-2018,Bengaluru,DriveU,Technology,"30,00,000"
350,29-03-2018,Mumbai,Fynd,Consumer Internet,N/A
351,01-02-2018,Bengaluru,BigBasket,Consumer Internet,"30,00,00,000"
352,01-02-2018,Gurugram,Zomato,Food and Beverages,"20,00,00,000"
353,05-02-2018,Bengaluru,Pratilipi,Publishing,"43,00,000"
354,05-02-2018,Faridabad,Asia Institute Of Medical Science,Healthcare,"2,10,00,000"
355,05-02-2018,Gurugram,CollegeDekho,Consumer Internet,"20,00,000"
356,06-02-2018,Ahemdabad,Foodmemories,Consumer Internet,N/A
357,06-02-2018,Bengaluru,Healthi,Healthcare,"31,00,000"
358,07-02-2018,Bengaluru,Swiggy,Food and Beverages,"10,00,00,000"
359,08-02-2018,Pune,Shape,Healthcare,"10,00,00,000"
360,08-02-2018,Pune,Icertis,Consumer Internet,"5,00,00,000"
361,09-02-2018,Bengaluru,healthifyme,Healthcare,"1,20,00,000"
362,09-02-2018,Bhubaneswar,MedTel,Healthcare,N/A
363,09-02-2018,Bengaluru,Rupeek,Consumer Internet,"68,30,000"
364,09-02-2018,Mumbai,WebEngage,Technology,N/A
365,12-02-2018,Bengaluru,Lendingkart,Finance,"8,70,00,000"
366,12-02-2018,Gurugram,Wydr,Consumer Internet,N/A
367,12-02-2018,Gurugram,Cashify,E-Commerce,"9,35,089"
368,13-02-2018,Mumbai,holachef,Food and Beverages,"3,11,200"
369,13-02-2018,Ahmedabad,Awaaz De,Technology,N/A
370,13-02-2018,Bengaluru,IMAX Program,Ed-Tech,"1,35,00,000"
371,14-02-2018,Chennai,Littlemore,Ed-Tech,"30,00,000"
372,14-02-2018,Mumbai,Toppr,Ed-Tech,"1,00,000"
373,14-02-2018,Mumbai,Shirsa Labs,Ed-Tech,"5,00,000"
374,14-02-2018,Mumbai,MoneyOnMobile,Technology,"50,00,000"
375,15-02-2018,Gurugram,PetSutra,Consumer Internet,"1,48,434"
376,15-02-2018,Ahemadabad,Infibeam,E-Commerce,"62,30,000"
377,16-02-2018,Bengaluru,happay,Finance,"2,50,000"
378,16-02-2018,Mumbai,Fincash,Finance,"1,50,000"
379,19-02-2018,Gurugram,AyeFinance,Finance,"38,00,000"
380,20-02-2018,Mumbai,Agricxlab,Agriculture,"5,00,000"
381,21-02-2018,Bengaluru,Udaan,E-Commerce,"5,00,00,000"
382,21-02-2018,Bengaluru,Capillary,IT,"2,00,00,000"
383,21-02-2018,Gurugram,The Healthy Billions,Healthcare,"21,00,000"
384,21-02-2018,Hyderabad,HighRadius,Technology,N/A
385,26-02-2018,Delhi,Avishkaar Box,Ed-Tech,"7,72,500"
386,26-02-2018,Chennai,Planys Technologies,Technology,"10,40,000"
387,27-02-2018,Bengaluru,Lollypop,Technology,N/A
388,27-02-2018,Mumbai,Trilyo,Technology,"2,50,000"
389,28-02-2018,Gurugram,Gaana,Technology,"11,50,00,000"
390,28-02-2018,Bengaluru,Credy,IT,"14,00,000"
391,28-02-2018,Bengaluru,Predible Health,Healthcare,N/A
392,02-01-2018,Mumbai,CleverTap,Technology,N/A
393,04-01-2018,Pune,EarlySalary,Finance,"1,57,00,000"
394,05-01-2018,Bengaluru,WOTU,E-commerce,N/A
395,08-01-2018,Bengaluru,DAAKI,E-commerce,N/A
396,09-01-2018,Ahmedabad,Lendingkart,Finance,"47,00,000"
397,09-01-2018,Mumbai,Kinsane Entertainment Inc,Entertainment,"25,00,000"
398,10-01-2018,Bengaluru,Tapzo,Technology,"19,30,000"
399,10-01-2018,Delhi,Appario Retail Pvt Ltd.,E-commerce,"1,88,40,000"
400,10-01-2018,Chennai,Samunnati,Finance,"2,35,00,000"
401,10-01-2018,Surat,Sahajanand Medical Technologies,Technology,"3,62,30,000"
402,12-01-2018,Gurgaon,Kuants,Technology,"80,000"
403,12-01-2018,Bengaluru,Razorpay,Technology,"2,00,00,000"
404,15-01-2018,Bengaluru,Streak,Technology,"3,54,600"
405,15-01-2018,Bengaluru,pi Ventures,Finance,"2,50,00,000"
406,15-01-2018,New Delhi,Newgen Software,Technology,"2,00,00,000"
407,17-01-2018,Pune,Rubix,Technology,"10,00,000"
408,18-01-2018,Bengaluru,ShareChat,Technology,"1,82,00,000"
409,22-01-2018,Chennai,Paperflite,Technology,"4,00,000"
410,22-01-2018,Bangalore,HungerBox,Consumer Internet,"25,00,000"
411,22-01-2018,Bengaluru,Skillate,Technology,N/A
412,22-01-2018,Chennai,OptaCredit,Finance,"40,00,000"
413,22-01-2018,Bengaluru,AEON Learning,Technology,"32,00,000"
414,23-01-2018,Gurugram,Milkbasket,E-commerce,"30,00,000"
415,24-01-2018,Mumbai,NeoGrowth Credit,Finance,"4,70,00,000"
416,24-01-2018,Mumbai,Rao IIT Academy,Education,"86,00,000"
417,24-01-2018,Gurugram,Aye Finance,Finance,"62,40,000"
418,25-01-2018,Bengaluru,Glassic,Ecommerce,N/A
419,25-01-2018,Mumbai,GreyAtom,Technology,"10,00,000"
420,26-01-2018,Bengaluru,Axio,Healthcare,"74,00,000"
421,29-01-2018,Hyderabad,eKincare,Healthcare,"15,00,000"
422,29-01-2018,Mumbai,The Wedding Brigade,Consumer internet,"10,00,000"
423,30-01-2018,Gurugram,PeeSafe,Healthcare,"10,00,000"
424,30-01-2018,Mumbai,BrowserStack,Technology,"5,00,00,000"
425,30-01-2018,Bengaluru,Scapic,Technology,"5,00,000"
426,30-01-2018,Mumbai,MoneyOnMobile,Technology,"76,00,000"
427,30-01-2018,Bengaluru,CureFit,Healthcare,"1,00,00,000"
428,31-01-2018,Bengaluru,iNurture,Technology,"44,00,000"
429,01-12-2017,Mumbai,Strata Enviro,Technology,N/A
430,05-12-2017,Bangalore,Dunzo,Technology,"1,23,00,000"
431,05-12-2017,Mumbai,Tata Housing,Real Estate,"2,30,00,000"
432,05-12-2017,Goa,HandyTrain,Technology,"10,00,000"
433,05-12-2017,Gurgaon,Mobycy,Technology,"5,00,000"
434,06-12-2017,Mumbai,Greenlight Planet,Technology,"6,00,00,000"
435,06-12-2017,Chennai,Fintobox,Technology,"70,00,000"
436,07-12-2017,Mumbai,Mswipe,Technology,"1,00,00,000"
437,07-12-2017,Mumbai,The Label Life,E-Commerce,"31,00,000"
438,07-12-2017,Gurgaon,Cygnus Hospitals,Healthcare,"7,50,000"
439,07-12-2017,Chennai,eShakti,Ecommerce,"23,00,000"
440,08-12-2017,Noida,Inshorts,Technology,"50,00,000"
441,11-12-2017,Delhi,Vahdam Tea,E-Commerce,"15,00,000"
442,11-12-2017,Mumbai,Logic Roots,Technology,"50,000"
443,11-12-2017,Bengaluru,Project Mudra,Technology,"50,000"
444,11-12-2017,Bengaluru,Furlenco,Technology,"12,00,000"
445,12-12-2017,Delhi,I Can Stay,Technology,"18,00,000"
446,12-12-2017,Bengaluru,Fracktal Works,Technology,N/A
447,12-12-2017,Hyderabad,Simility,Technology,"1,75,00,000"
448,12-12-2017,Gurgaon,Shopholix,E-Commerce,"2,33,000"
449,13-12-2017,Pune,MindTickle,Technology,"2,70,00,000"
450,13-12-2017,Mumbai,Nazara Technologies,Technology,"2,70,00,000"
451,13-12-2017,Bengaluru,DocsApp,Technology,"72,00,000"
452,13-12-2017,Mumbai,Capita World,Technology,N/A
453,14-12-2017,Bengaluru,Tea Box,E-Commerce,"70,00,000"
454,14-12-2017,Bengaluru,Transversal Technologies,Technology,"60,00,000"
455,14-12-2017,Gurgaon,Curofy,Technology,"2,50,000"
456,14-12-2017,Bengaluru,HomeLane,E-Commerce,"1,00,00,000"
457,14-12-2017,Delhi,WeDoSky,Technology,N/A
458,15-12-2017,Mumbai,Purplle,E-Commerce,"5,37,000"
459,15-12-2017,Delhi,Cash Suvidha,E-Commerce,"27,00,000"
460,18-12-2017,Noida,Sky Met Weather,Technology,N/A
461,19-12-2017,Bengaluru,Springboard,Technology,"95,00,000"
462,19-12-2017,Mumbai,Peel Works,Technology,N/A
463,19-12-2017,Delhi,9Stacks,Technology,"15,00,000"
464,20-12-2017,Bengaluru,Your Quote,Technology,"10,00,000"
465,20-12-2017,Hyderabad,Spandana Sphoorty,Finance,"1,95,00,000"
466,21-12-2017,Mumbai,Indus OS,Technology,"40,00,000"
467,21-12-2017,Bengaluru,EasyEcom,E-Commerce,"1,50,000"
468,21-12-2017,Uttar Pradesh,IGP.com,E-Commerce,N/A
469,26-12-2017,Chennai,Specsmakers,E-Commerce,"1,00,00,000"
470,27-12-2017,Noida,Garage On Road,E-Commerce,N/A
471,27-12-2017,Hyderabad,Foyr.com,Technology,"38,00,000"
472,02-11-2017,New Delhi,Prest Loans,Finance,"5,70,000"
473,02-11-2017,Pune,AadharAPI.com,Technology,N/A
474,02-11-2017,Bangalore,FreshBoxx,ECommerce,N/A
475,03-11-2017,Bangalore,Vagupu,Technology,"10,00,000"
476,03-11-2017,Mumbai,HalaPlay,Consumer Internet,N/A
477,03-11-2017,Bangalore,Kalpnik Technologies,Technology,"5,00,000"
478,04-11-2017,Bangalore,Hevo Data,Technology,"10,00,000"
479,06-11-2017,Bangalore,Smart Karma,Technology,N/A
480,06-11-2017,New Delhi,Leverage Edu,ECommerce,N/A
481,07-11-2017,New Delhi,Crayon Data,Technology,N/A
482,07-11-2017,Mumbai,DocTalk,Technology,"50,00,000"
483,07-11-2017,Bangalore,CoveIoT,Technology,"50,00,000"
484,08-11-2017,Bangalore,TalentEdge,Technology,"76,00,000"
485,08-11-2017,Bangalore,Fisdom,Finance,"30,00,000"
486,08-11-2017,Mumbai,FarmLink,eCommerce,"30,00,000"
487,08-11-2017,Bangalore,OpenApp,Technology,"36,00,000"
488,09-11-2017,Delhi,NoPaperForms,Technology,"8,72,000"
489,09-11-2017,Bangalore,Tilite Technologies Pvt. Ltd,Technology,N/A
490,09-11-2017,Bangalore,Mobiliz AR,Technology,N/A
491,10-11-2017,Bangalore,Qubole,Technology,"2,50,00,000"
492,10-11-2017,Nw Delhi,Happily Unmarried,ECommerce,N/A
493,13-11-2017,Mumbai,Universal Sportsbiz Pvt. Ltd,ECommerce,"1,50,00,000"
494,14-11-2017,Gurgaon,Hungry Foal,Ecommerce,N/A
495,14-11-2017,Bangalore,Active AI,Technology,"82,50,000"
496,15-11-2017,Bangalore,Sumeru,Technology,"9,00,000"
497,15-11-2017,Bangalore,ElderAid Wellness,Health Care,N/A
498,15-11-2017,Delhi,Omnia Information,Technology,"30,00,000"
499,15-11-2017,Gurgaon,Josh Talks,Inspiration,N/A
500,15-11-2017,New Delhi,Reniso,Technology,N/A
501,17-11-2017,Hyderabad,Kanhaiya,Inspiration,"2,00,000"
502,17-11-2017,Delhi,Perspectico,Technology,N/A
503,20-11-2017,Mumbai,ONN Bikes,Technology,"6,92,000"
504,21-11-2017,Hyderabad,Rapido,Technology,"3,29,230"
505,21-11-2017,Mumbai,Heckyl,Technology,"27,00,000"
506,21-11-2017,Mumbai,Nuvepro,Technology,"4,00,000"
507,21-11-2017,Mumbai,RedBook,Technology,"2,50,000"
508,21-11-2017,Bangalore,Portea,Healthcare,"2,60,00,000"
509,21-11-2017,Mumbai,Credit Mate,Technology,N/A
510,21-11-2017,Mumbai,Epiq Capital,Finance,"20,00,00,000"
511,22-11-2017,Bangalore,MiStay,Technology,N/A
512,23-11-2017,Indore,WittyFeed,Storytelling,N/A
513,24-11-2017,Bangalore,IDG Ventures,Finance,"1,00,00,000"
514,24-11-2017,Goa,TempGo,Technology,"2,50,000"
515,27-11-2017,Mumbai,Edelweiss,Finance,"27,00,00,000"
516,27-11-2017,Mumbai,ERA,Technology,"39,000"
517,27-11-2017,Mumbai,Smaaash,Technology,"38,00,000"
518,28-11-2017,Bangalore,Chumbak,Lifestyle,"1,30,00,000"
519,28-11-2017,Chennai,FR8,Technology,"15,00,000"
520,28-11-2017,Goa,MobieFit,Healthcare,"13,50,000"
521,28-11-2017,Delhi,Stanza Living,Technology,"20,00,000"
522,03-10-2017,Gurgaon,ChqBook,Consumer Internet,N/A
523,03-10-2017,Mumbai,HomeCapital,Consumer Internet,N/A
524,03-10-2017,Bangalore,Ola Cabs,Consumer Internet,"11,00,00,000"
525,04-10-2017,Bangalore,Elanic,Consumer Internet,N/A
526,04-10-2017,Bangalore,CollPoll,Consumer Internet,"3,06,000"
527,04-10-2017,Bangalore,PhonePe,Consumer Internet,"3,87,00,000"
528,05-10-2017,New Delhi,Little Black Book,Consumer Internet,"10,00,000"
529,05-10-2017,Mumbai,Oorjan,Technology,"4,50,000"
530,05-10-2017,Bangalore,Zefo,ECommerce,"92,00,000"
531,06-10-2017,New Delhi,Yaantra,ECommerce,"31,00,000"
532,06-10-2017,Bangalore,Farm Taaza,Technology,"80,00,000"
533,06-10-2017,Bangalore,Drivezy,Consumer Internet,"1,00,00,000"
534,06-10-2017,Bangalore,Slice Pay,Consumer Internet,"20,00,000"
535,09-10-2017,Gurgaon,Agrowave,Technology,N/A
536,09-10-2017,Bangalore,MyGubbi,eCommerce,"27,00,000"
537,09-10-2017,Bangalore,IBSFintech,Technology,N/A
538,09-10-2017,Bangalore,Letsservice,Consumer Internet,N/A
539,09-10-2017,New Delhi,OneStepUp,Technology,"3,36,000"
540,09-10-2017,Gurgaon,ThirdWatch,Technology,N/A
541,10-10-2017,Gurgaon,Parallel Dots,Technology,"14,00,000"
542,10-10-2017,Gurgaon,Easy Diner,Consumer Internet,"45,00,000"
543,11-10-2017,Bangalore,Meesho,ECommerce,"31,00,000"
544,11-10-2017,Hyderabad,StanPlus,Logistics,"11,00,000"
545,12-10-2017,Hyderabad,UCLID,Technology,"2,35,000"
546,13-10-2017,Gurgaon,Policy Bazaar,Consumer Internet,"7,70,00,000"
547,13-10-2017,Bangalore,Gapoon,Consumer Internet,"2,50,000"
548,13-10-2017,Gurgaon,Chaayos,eCommerce,"20,00,000"
549,16-10-2017,Bangalore,KrazyBee,Consumer Internet,"80,00,000"
550,16-10-2017,New Delhi,Renew Buy,Consumer Internet,"92,00,000"
551,17-10-2017,Bangalore,Fingerlix,Consumer Internet,"70,00,000"
552,18-10-2017,Chennai,Bank Bazaar,Consumer Internet,"70,00,000"
553,18-10-2017,Chennai,Hasura,Technology,N/A
554,18-10-2017,Bangalore,BlackBuck,Logistics,"77,00,000"
555,18-10-2017,Mumbai,LenDen Club,Consumer Internet,"5,00,000"
556,23-10-2017,Mumbai,Toppr,Consumer Internet,"70,00,000"
557,23-10-2017,Mumbai,RAW Pressery,Food & Beverage,"60,00,000"
558,23-10-2017,Mumbai,Cashe,Consumer Internet,"31,00,000"
559,23-10-2017,Kolkata,Park Easy,Consumer Internet,"1,18,000"
560,24-10-2017,Bangalore,TagBox,Technology,N/A
561,24-10-2017,Mumbai,FYRE,Food & Beverage,"5,00,000"
562,24-10-2017,New Delhi,ZipLoan,Consumer Internet,"30,00,000"
563,24-10-2017,Bangalore,Skillenza,Consumer Internet,"7,22,000"
564,24-10-2017,Mumbai,Chevon,Food & Beverage,N/A
565,25-10-2017,Gurgaon,PropStory,Consumer Internet,N/A
566,25-10-2017,Gurgaon,SpotDraft,Consumer Internet,"5,50,000"
567,26-10-2017,Bangalore,Big Basket,eCommerce,"50,00,000"
568,27-10-2017,Gurgaon,OfBusiness,Technology,"38,00,000"
569,27-10-2017,New Delhi,Olly Credit,Technology,N/A
570,28-10-2017,New Delhi,CashFree,Technology,"1,20,000"
571,28-10-2017,Bangalore,Ola Cabs,Consumer Internet,"77,00,000"
572,30-10-2017,Coimbatore,GoldFarm,Food & Beverage,"20,00,000"
573,31-10-2017,Chennai,NetMeds,ECommerce,"1,40,00,000"
574,31-10-2017,Mumbai,MSE,Finance,"3,20,00,000"
575,01-09-2017,Chennai,Aahaa Stores,eCommece,"10,00,000"
576,01-09-2017,Bangalore,MFine,Consumer Internet,"15,00,000"
577,01-09-2017,Mumbai,Canvera,Consumer Internet,"13,00,000"
578,04-09-2017,Pune,PrimaryIO,Technology,"56,00,000"
579,05-09-2017,Bangalore,Shubh Loans,Consumer Internet,"15,00,000"
580,05-09-2017,Gurgaon,Nest Education,Technology,"6,00,000"
581,06-09-2017,Ahmedabad,Lending Kart,Consumer Internet,"1,07,50,000"
582,06-09-2017,New Delhi,GoFro,Consumer Internet,"1,00,00,000"
583,06-09-2017,Bangalore,OncoStem,Healthcare,"60,00,000"
584,06-09-2017,Gurgaon,Power2SME,eCommerce,"2,60,00,000"
585,07-09-2017,Mumbai,Credit Vidya,Consumer Internet,"50,00,000"
586,07-09-2017,Bangalore,Tails Life,Consumer Internet,N/A
587,07-09-2017,Gurgaon,OYO Rooms,Consumer Internet,"25,00,00,000"
588,07-09-2017,Pune,Early Salary,Consumer Internet,"7,80,000"
589,07-09-2017,Gurgaon,MamaEarth,eCommerce,N/A
590,07-09-2017,Pune,Seniority,eCommerce,"10,00,000"
591,08-09-2017,New Delhi,AYE Finance,Consumer Internet,"69,00,000"
592,08-09-2017,Bangalore,Farmizen,Technology,N/A
593,11-09-2017,New Delhi,Ecom Express,Logistics,"3,00,00,000"
594,11-09-2017,Hyderabad,Call Health,Consumer Internet,"62,00,000"
595,12-09-2017,New Delhi,Sattviko,eCommerce,N/A
596,12-09-2017,New Delhi,3HCare,Consumer Internet,"1,00,000"
597,12-09-2017,Bangalore,Tonbo Imaging,Technology,"1,70,00,000"
598,12-09-2017,New Delhi,Get My Parking,Consumer Internet,"30,00,000"
599,13-09-2017,Indore,WittyFeed,Technology,N/A
600,13-09-2017,Bangalore,Glowroad,Consumer Internet,"20,00,000"
601,13-09-2017,Gurgaon,OYO Rooms,Consumer Internet,"1,00,00,000"
602,13-09-2017,Mumbai,Unacademy,Consumer Internet,"1,15,00,000"
603,13-09-2017,Chennai,Heterogenous,Technology,"7,80,000"
604,14-09-2017,New Delhi,Gurukul,Consumer Internet,N/A
605,14-09-2017,Mumbai,Smaaash,Technology,"4,40,00,000"
606,14-09-2017,Bangalore,WheelStreet,Consumer Portal,"1,20,000"
607,14-09-2017,New Delhi,Xprep,Consumer Internet,N/A
608,18-09-2017,Gurgaon,The Moms Co,eCommerce,"10,00,000"
609,19-09-2017,Bangalore,Noticeboard,Technology,N/A
610,19-09-2017,Hyderabad,High Radius,Technology,"5,00,00,000"
611,20-09-2017,Mumbai,HWell24 Plus,Healthcare,N/A
612,21-09-2017,Gaya,SaveBC,Finance,"60,00,000"
613,21-09-2017,New Delhi,Gaming Monk,Consumer Internet,N/A
614,21-09-2017,New Delhi,91SpringBoard,Consumer Internet,N/A
615,21-09-2017,Bangalore,Homergize,eCommerce,"10,00,000"
616,22-09-2017,Gurgaon,Yatra.com,eCommerce,"1,54,00,000"
617,22-09-2017,Bangalore,Ace Turtle,Technology,N/A
618,25-09-2017,Bangalore,Vogo,Consumer Internet,N/A
619,25-09-2017,Bangalore,Synup,Technology,"60,00,000"
620,25-09-2017,Hyderabad,Tinmen,Consumer Internet,N/A
621,25-09-2017,Bangalore,Cropin,Technology,N/A
622,25-09-2017,Bangalore,Rapido,Consumer Internet,"4,22,000"
623,25-09-2017,Mumbai,Sportobuddy,Consumer Internet,"1,50,000"
624,26-09-2017,Bangalore,Credifiable,Consumer Internet,N/A
625,26-09-2017,Gurgaon,Inclov,Consumer Internet,N/A
626,26-09-2017,Bangalore,Multibhashi,Consumer Internet,N/A
627,27-09-2017,Mumbai,Transerve,Technology,"16,00,000"
628,27-09-2017,Gurgaon,Fashalot,Consumer Internet,N/A
629,27-09-2017,Bangalore,Pitstop,Consumer Internet,"10,00,000"
630,27-09-2017,Gurgaon,GoChoppers,Consumer Internet,N/A
631,27-09-2017,New Delhi,MyUpchar,Consumer Internet,"3,00,000"
632,28-09-2017,Bangalore,Aadyah,Technology,"10,00,000"
633,01-08-2017,Bangalore,TouchKin,Technology,"13,00,000"
634,02-08-2017,Mumbai,Ethinos,Technology,N/A
635,02-08-2017,New Delhi,Leverage Edu,Consumer Internet,N/A
636,02-08-2017,Mumbai,Zepo,Consumer Internet,"5,00,000"
637,02-08-2017,Hyderabad,Click2Clinic,Consumer Internet,"8,50,000"
638,03-08-2017,Mumbai,SpeedBox,Logistics,"3,00,000"
639,03-08-2017,Jaipur,Skill Connect,Consumer Internet,N/A
640,03-08-2017,Bangalore,Chai Point,Consumer Internet,N/A
641,03-08-2017,Mumbai,Zoctr,Consumer Internet,N/A
642,04-08-2017,New Delhi,Lime Tray,Technology,N/A
643,04-08-2017,Mumbai,CoutLoot,eCommerce,N/A
644,04-08-2017,Mumbai,Box My Space,Logistics,N/A
645,05-08-2017,Chennai,Curatio,Healthcare,N/A
646,08-08-2017,Chennai,New Castle Technologies,Technology,"2,43,000"
647,08-08-2017,New Delhi,My Forex Eye,Consumer Internet,"2,20,000"
648,09-08-2017,New Delhi,TruxApp,Logistics,"31,00,000"
649,09-08-2017,Gurgaon,CroFarm,Technology,"7,83,000"
650,09-08-2017,Bangalore,DoodhWala,Consumer Internet,N/A
651,10-08-2017,Bangalore,Stayabode,Consumer Internet,N/A
652,11-08-2017,Bangalore,Flipkart,eCommerce,"2,50,00,00,000"
653,11-08-2017,New Delhi,Moong Labs,Technology,N/A
654,11-08-2017,Gurgaon,Ola Cabs,Consumer Internet,"3,60,00,000"
655,14-08-2017,New Delhi,Sports Flashes,Consumer Internet,N/A
656,14-08-2017,Mumbai,Digilend,Technology,"3,12,000"
657,15-08-2017,Bangalore,KNAB Finance,Consumer Internet,"3,85,000"
658,17-08-2017,Mumbai,Get Simpl,Consumer Internet,N/A
659,20-08-2017,New Delhi,Rootefy,eCommerce,"1,87,000"
660,21-08-2017,Chennai,Uniphore,Technology,"68,00,000"
661,21-08-2017,Vadodara,Cerebroz,Consumer Internet,"7,34,000"
662,22-08-2017,Mumbai,Flochat,Consumer Internet,N/A
663,22-08-2017,Noida,EasyGov,Consumer Internet,N/A
664,23-08-2017,Gurgaon,Milk Basket,Consumer Internet,N/A
665,23-08-2017,Pune,Dhruva,Technology,"8,00,00,000"
666,23-08-2017,New Delhi,Bombay Shaving Company,eCommerce,"23,00,000"
667,23-08-2017,Bangalore,Awign,Technology,N/A
668,23-08-2017,Bangalore,Indiez,Technology,"5,00,000"
669,24-08-2017,Bangalore,Ezetap,Technology,"1,60,00,000"
670,25-08-2017,Chennai,Ink Monk,Consumer Internet,"7,50,000"
671,25-08-2017,Bangalore,Medinfi,Consumer Internet,"1,25,000"
672,28-08-2017,Pune,Mobikon,Technology,"70,00,000"
673,29-08-2017,Bangalore,CureFit,Consumer Internet,"2,50,00,000"
674,29-08-2017,Mumbai,Doxper,Technology,"7,50,000"
675,29-08-2017,Gurgaon,Fieldassist,Technology,N/A
676,30-08-2017,Bangalore,Treebo,Consumer Internet,"3,40,00,000"
677,30-08-2017,Bangalore,MedGenome,Technology,"3,00,00,000"
678,01-07-2017,Bangalore,Billion Loans,Consumer Internet,"10,00,000"
679,03-07-2017,Ahmedabad,Ecolibriumenergy,Technology,"26,00,000"
680,04-07-2017,Gurgaon,Droom,eCommerce,"2,00,00,000"
681,05-07-2017,Bangalore,Jumbotail,eCommerce,"85,00,000"
682,05-07-2017,Noida,Moglix,eCommerce,"1,20,00,000"
683,05-07-2017,Mumbai,Timesaverz,Consumer Internet,"10,00,000"
684,06-07-2017,Bangalore,Minjar,Technology,N/A
685,06-07-2017,Gurgaon,MyCity4kids,Consumer Internet,N/A
686,07-07-2017,Bangalore,Clip App,Consumer Internet,"10,00,000"
687,07-07-2017,Bangalore,Upwardly.in,Consumer Internet,N/A
688,10-07-2017,Hyderabad,Autorox.co,Technology,"30,00,000"
689,11-07-2017,Pune,Fabogo,Consumer Internet,"22,50,000"
690,11-07-2017,Mumbai,Flickstree,Consumer Internet,"4,64,000"
691,11-07-2017,Bangalore,Design Cafe,Consumer Internet,N/A
692,12-07-2017,Bangalore,Innoviti,Technology,"1,85,00,000"
693,12-07-2017,Hyderabad,VDeliver,Logistics,N/A
694,12-07-2017,Bangalore,Bottr.me,Technology,N/A
695,12-07-2017,Pune,Arcatron,Technology,N/A
696,14-07-2017,Bangalore,QwikSpec,Technology,"5,40,000"
697,14-07-2017,Bangalore,Chumbak,eCommerce,"17,00,000"
698,17-07-2017,Bangalore,Increff,Technology,"20,00,000"
699,17-07-2017,Pune,Vayana,Technology,"40,00,000"
700,18-07-2017,Noida,MObiquest,Technology,N/A
701,18-07-2017,Hyderabad,Ambee,Consumer Internet,N/A
702,18-07-2017,Kolkata,Ideal Insurance,Consumer Internet,N/A
703,18-07-2017,Bangalore,Hypernova Interactive,Technology,N/A
704,19-07-2017,Bangalore,Rentomojo,Consumer Internet,"1,00,00,000"
705,19-07-2017,Bangalore,AirCTO,Consumer Internet,N/A
706,19-07-2017,Bangalore,Playablo,Technology,"6,00,000"
707,20-07-2017,Gurgaon,Trupay,Technology,"7,00,000"
708,21-07-2017,Gurgaon,Brick2Wall,eCommerce,"2,00,000"
709,21-07-2017,New Delhi,FableStreet,eCommerce,N/A
710,21-07-2017,New Delhi,Monsoon Fintech,Technology,N/A
711,21-07-2017,Bangalore,MonkeyBox,Consumer Internet,N/A
712,25-07-2017,Bangalore,Noticeboard,Consumer Internet,"12,00,000"
713,25-07-2017,Bangalore,Byju\\xe2\\x80\\x99s,Consumer Internet,"3,50,00,000"
714,26-07-2017,New Delhi,Creator\\xe2\\x80\\x99s Gurukul,Others,N/A
715,26-07-2017,New Delhi,Fab Hotels,Consumer Internet,"2,50,00,000"
716,26-07-2017,Bangalore,ThinkerBell,Consumer Internet,"2,00,000"
717,27-07-2017,Gurgaon,1mg,eCommerce,"1,50,00,000"
718,28-07-2017,Mumbai,Jhakaas,Consumer Internet,N/A
719,28-07-2017,Mumbai,BigStylist,Consumer Internet,"12,50,000"
720,28-07-2017,Bangalore,Gympik.com,Consumer Internet,N/A
721,01-06-2017,Bangalore,Tripeur,Technology,N/A
722,02-06-2017,Bangalore,RentOnGo,eCommerce,"2,34,000"
723,05-06-2017,Mumbai,Goomo,Consumer Internet,"5,00,00,000"
724,05-06-2017,Mumbai,MaxMyWealth,Consumer Internet,N/A
725,06-06-2017,Gurgaon,Spinny,eCommerce,"10,00,000"
726,06-06-2017,Kolkata,Healthbuds,Consumer Internet,N/A
727,06-06-2017,Mumbai,Ftcash,Consumer Internet,N/A
728,06-06-2017,Bangalore,BHIVE Workspace,Consumer Internet,"12,00,000"
729,06-06-2017,New Delhi,wayForward,Consumer Internet,"10,00,000"
730,06-06-2017,New Delhi,GyanDhan,Consumer Internet,N/A
731,06-06-2017,Gurgaon,Hungry Foal,Consumer Internet,N/A
732,07-06-2017,New Delhi,ZipLoan,Consumer Internet,"6,50,000"
733,07-06-2017,Mumbai,GrowFitter,Consumer Internet,"6,00,000"
734,08-06-2017,Hyderabad,Stratfit,Consumer Internet,"2,32,000"
735,08-06-2017,Hyderabad,Multiplier Solutions,Technology,"15,00,000"
736,08-06-2017,Bangalore,ABI Health,Technology,"15,00,000"
737,08-06-2017,Bangalore,Stockal,Consumer Internet,"3,50,000"
738,09-06-2017,Mumbai,Guidoo,Consumer Internet,"3,00,000"
739,09-06-2017,Hyderabad,eSahai.in,Consumer Internet,"2,50,000"
740,12-06-2017,Bangalore,Loanmeet,Consumer Internet,N/A
741,12-06-2017,Ahmedabad,LendingKart,Consumer Internet,"78,00,000"
742,12-06-2017,Bangalore,Boxx.ai,Technology,"5,00,000"
743,12-06-2017,New Delhi,PeeSafe.in,Healthcare,"10,00,000"
744,12-06-2017,Mumbai,Vista Rooms,Consumer Internet,"7,76,000"
745,12-06-2017,Mumbai,CoverFox,Consumer Internet,"1,50,00,000"
746,13-06-2017,New Delhi,HyperTrack,Technology,N/A
747,13-06-2017,Bangalore,Goodera,Technology,"55,00,000"
748,13-06-2017,Bangalore,Digit,Technology,N/A
749,14-06-2017,Bangalore,Ola,Consumer Internet,"5,00,00,000"
750,14-06-2017,Mumbai,Vanitycask,Consumer Internet,N/A
751,14-06-2017,Noida,MrNeeds,Consumer Internet,"5,00,000"
752,15-06-2017,Bangalore,MoneyTap,Consumer Internet,"1,23,00,000"
753,16-06-2017,Bangalore,Goodbox,eCommerce,"10,00,000"
754,16-06-2017,Mumbai,Fincash,Consumer Internet,"1,00,000"
755,16-06-2017,Noida,PortDesk,Technology,"20,00,000"
756,16-06-2017,Hyderabad,EdgeFx,eCommerce,N/A
757,16-06-2017,Gurgaon,EazyDiner,Consumer Internet,N/A
758,16-06-2017,New Delhi,HealthIntel,Healthcare,N/A
759,19-06-2017,Bangalore,Unbxd,Technology,"1,25,00,000"
760,19-06-2017,Hyderabad,DarwinBox,Technology,"40,00,000"
761,20-06-2017,Bangalore,ForeverShop,Consumer Internet,"3,00,000"
762,20-06-2017,Mumbai,Insider.in,Consumer Internet,"52,00,000"
763,21-06-2017,Mumbai,Fynd,eCommerce,"24,00,000"
764,21-06-2017,Bangalore,Grow Fit,Consumer Internet,"45,00,000"
765,21-06-2017,Hyderabad,Fabulyst,Technology,"2,15,000"
766,21-06-2017,Mumbai,mSwipe,Technology,"3,10,00,000"
767,21-06-2017,Mumbai,OneAssist,Consumer Internet,N/A
768,22-06-2017,Bangalore,Julia Computing,Technology,"46,00,000"
769,22-06-2017,Mumbai,Kissht,Consumer Internet,"20,00,000"
770,22-06-2017,Bangalore,Explore Life traveling,Consumer Internet,"5,00,000"
771,23-06-2017,Mumbai,Loantap,Consumer Internet,"40,00,000"
772,23-06-2017,Mumbai,Voxweb,Consumer Internet,"10,00,000"
773,26-06-2017,Hyderabad,HUG Innovations,Technology,"50,00,000"
774,26-06-2017,Bangalore,Flipkart,eCommerce,"7,10,00,000"
775,26-06-2017,Noida,V Resorts,Consumer Internet,"40,00,000"
776,27-06-2017,New Delhi,Stashfin,Consumer Internet,"50,00,000"
777,27-06-2017,Bangalore,Formcept,Consumer Internet,N/A
778,27-06-2017,Pune,Spares Hub,eCommerce,"3,11,000"
779,28-06-2017,New Delhi,FiTraQ,Consumer Internet,N/A
780,28-06-2017,Mumbai,Rubique,Consumer Internet,"30,00,000"
781,28-06-2017,Bangalore,Niki.ai,Consumer Internet,"20,00,000"
782,29-06-2017,New Delhi,Fitpass,Consumer Internet,"10,00,000"
783,29-06-2017,Mumbai,ZingHR,Technology,N/A
784,30-06-2017,Bangalore,Tagos Design,Technology,"50,00,000"
785,30-06-2017,Gurgaon,UrbanClap,Consumer Internet,"2,10,00,000"
786,01-05-2017,Hyderabad,Ace2three,Consumer Internet,"7,37,00,000"
787,01-05-2017,Gurgaon,Power2SME,eCommerce,"1,00,00,000"
788,02-05-2017,Hyderabad,Innovapptive,Technology,"15,00,000"
789,02-05-2017,Bangalore,4tigo,Logistics,"1,00,00,000"
790,02-05-2017,Mumbai,SMECorner,Consumer Internet,N/A
791,02-05-2017,Bangalore,ZippServe,Consumer Internet,"3,90,000"
792,03-05-2017,Bangalore,Ola,Consumer Internet,"10,45,00,000"
793,03-05-2017,Bangalore,Sumeru,Technology,"10,00,000"
794,04-05-2017,New Delhi,Healthians,Consumer Internet,N/A
795,05-05-2017,New Delhi,HealthMir,Consumer Internet,N/A
796,05-05-2017,Mumbai,Uactive,Consumer Internet,N/A
797,05-05-2017,Hyderabad,i-lend,Consumer Internet,N/A
798,05-05-2017,Trivandrum,Good Methods Global,Technology,N/A
799,05-05-2017,Bangalore,Balance App,Consumer Internet,"2,33,000"
800,08-05-2017,Gurgaon,YepMe,eCommerce,"7,00,000"
801,08-05-2017,New Delhi,Nightstay,Consumer Internet,N/A
802,08-05-2017,Pune,Devourin,Technology,N/A
803,08-05-2017,New Delhi,MyGreens,Food & Beverage,"10,00,000"
804,08-05-2017,Bangalore,Ace Turtle,Technology,"50,00,000"
805,08-05-2017,Bangalore,CureFit,Technology,"32,00,000"
806,09-05-2017,New Delhi,Curie Labs,Technology,"50,000"
807,09-05-2017,Bangalore,Uncanny Vision,Technology,N/A
808,09-05-2017,Pune,Anchanto,Technology,N/A
809,09-05-2017,Mumbai,Sequretek,Technology,N/A
810,10-05-2017,New Delhi,Lucideus,Technology,N/A
811,10-05-2017,Noida,Vidooly,Consumer Internet,"14,00,000"
812,10-05-2017,Gurgaon,Shopclues,eCommerce,"77,00,000"
813,10-05-2017,Bangalore,Fourth Ambit,Consumer Internet,"6,00,000"
814,10-05-2017,Bangalore,Chymera VR,Technology,N/A
815,11-05-2017,Pune,Early Salary,Consumer Internet,"40,00,000"
816,11-05-2017,Mumbai,Book My Diamond,eCommerce,N/A
817,11-05-2017,Mumbai,ION Energy,Technology,N/A
818,12-05-2017,New Delhi,Legal Raasta,Consumer Internet,"50,00,000"
819,12-05-2017,Bangalore,Log 9 Materials,Technology,N/A
820,12-05-2017,Mumbai,Remit Guru,Consumer Internet,"4,66,000"
821,12-05-2017,Bangalore,Aequm,eCommerce,"10,00,000"
822,15-05-2017,Bangalore,Zapty,Technology,"5,00,000"
823,15-05-2017,Bangalore,Vernacular.ai,Technology,N/A
824,16-05-2017,Bangalore,Niki.ai,Technology,N/A
825,16-05-2017,Mumbai,Telr,Technology,"30,00,000"
826,16-05-2017,Mumbai,Fynd,eCommerce,"5,00,000"
827,17-05-2017,Chennai,Genie,Consumer Internet,"2,50,000"
828,17-05-2017,Mumbai,Paysense,Consumer Internet,"53,00,000"
829,18-05-2017,Mumbai,The Good Life,ECommerce,"10,00,000"
830,18-05-2017,Chandigarh,PumpKart,eCommerce,N/A
831,18-05-2017,Bangalore,Paytm,ECommerce,"1,40,00,00,000"
832,19-05-2017,Bangalore,EzCred,Consumer Internet,"10,00,000"
833,19-05-2017,Hyderabad,HealthSutra,Food & Beverage,N/A
834,20-05-2017,New Delhi,YepMe,eCommerce,N/A
835,22-05-2017,New Delhi,Delhivery,Logistics,"3,00,00,000"
836,22-05-2017,Mumbai,ZipGrid,Consumer Internet,"5,00,000"
837,23-05-2017,Hyderabad,TravelSpice,ECommerce,N/A
838,23-05-2017,Gurgaon,Magicpin,Consumer Internet,"66,00,000"
839,23-05-2017,New Delhi,The Print,Consumer Internet,N/A
840,23-05-2017,Mumbai,Box8,Consumer Internet,"10,00,000"
841,24-05-2017,Mumbai,GenNext Students,Consumer Internet,"5,80,000"
842,25-05-2017,Gurgaon,Aye Finance,Finance,"80,00,000"
843,26-05-2017,Bangalore,WhatsLoan,Consumer Internet,N/A
844,29-05-2017,Mumbai,Cube Consumer Services,Consumer Internet,N/A
845,29-05-2017,Noida,Nivesh,Consumer Internet,N/A
846,29-05-2017,New Delhi,Wowflux,Technology,N/A
847,29-05-2017,Mumbai,Collateral Medical,eCommerce,"35,00,000"
848,30-05-2017,Bangalore,Loadshare,Logistics,N/A
849,30-05-2017,New Delhi,SimpliLend,Consumer Internet,N/A
850,30-05-2017,Mumbai,Supr Daily,Consumer Internet,"15,00,000"
851,30-05-2017,Bangalore,Swiggy,Consumer Internet,"8,00,00,000"
852,31-05-2017,Kolkata,SastaSundar,eCommerce,"50,00,000"
853,31-05-2017,Gurgaon,Magicpin,Consumer Internet,"70,00,000"
854,01-04-2017,Mumbai,Cashe,Consumer Internet,"38,00,000"
855,03-04-2017,Mumbai,Eruditus,Education,"82,00,000"
856,03-04-2017,Mumbai,TestBook,Consumer Internet,N/A
857,03-04-2017,Noida,Healthcare at Home,Healthcare,"4,00,00,000"
858,03-04-2017,Mumbai,Tyre Express,Technology,N/A
859,03-04-2017,Bangalore,SmartCoin,Consumer Internet,N/A
860,04-04-2017,Chennai,WayCool,Food & Beverage,"27,00,000"
861,04-04-2017,Bangalore,Perfios,Technology,"61,00,000"
862,04-04-2017,Bangalore,Whatfix,Technology,"36,90,000"
863,04-04-2017,Pune,ElastiRun,Technology,"70,00,000"
864,04-04-2017,Ahmedabad,Trukky,Consumer Internet,"5,00,000"
865,04-04-2017,New Delhi,Konsult App,Consumer Internet,"5,00,000"
866,05-04-2017,Mumbai,Credit Sudhaar,Consumer Internet,N/A
867,05-04-2017,Mumbai,Fingerlix,Consumer Internet,"30,00,000"
868,05-04-2017,Bangalore,DataWeave,Technology,N/A
869,06-04-2017,Bangalore,Medwell Ventures,Healthcare,"2,10,00,000"
870,06-04-2017,Bangalore,Mech Mocha,Consumer Internet,"50,00,000"
871,07-04-2017,Gurgaon,Startup Buddy,Consumer Internet,N/A
872,07-04-2017,Noida,QorQI,Healthcare,N/A
873,07-04-2017,Gurgaon,Twenty Two Motors,Technology,N/A
874,07-04-2017,Mumbai,PharmEasy,eCommerce,"1,80,00,000"
875,08-04-2017,Mumbai,WonderChef,eCommerce,N/A
876,08-04-2017,Gurgaon,FastFox,Consumer Internet,"46,00,000"
877,10-04-2017,Bangalore,Omnify,Technology,"1,50,000"
878,10-04-2017,Bangalore,Capital Float,Consumer Internet,"23,00,000"
879,11-04-2017,Bangalore,Ninjacart,eCommerce,"55,00,000"
880,11-04-2017,Bangalore,MergerWare,Technology,"1,00,000"
881,11-04-2017,New Delhi,Sports Flashes,Consumer Internet,N/A
882,12-04-2017,New Delhi,Clovia,eCommerce,"40,00,000"
883,12-04-2017,Mumbai,Emiza,Logistics,"45,00,000"
884,12-04-2017,Bangalore,HackerEarth,Consumer Internet,"45,00,000"
885,12-04-2017,Noida,Squadrun,Technology,"21,00,000"
886,12-04-2017,Hyderabad,Tinmen,Consumer Internet,N/A
887,12-04-2017,Mumbai,ScoutMyTrip,Consumer Internet,N/A
888,13-04-2017,Gurgaon,SafetyKart,eCommerce,N/A
889,13-04-2017,Gurgaon,WeAreHolidays,Consumer Internet,"77,00,000"
890,14-04-2017,Bangalore,Ola Cabs,Consumer Internet,"26,00,00,000"
891,15-04-2017,Jaipur,Myly,Consumer Internet,"3,10,000"
892,17-04-2017,Gurgaon,CrediHealth,Consumer Internet,"15,00,000"
893,17-04-2017,New Delhi,Navia Life Care,Technology,N/A
894,17-04-2017,Mumbai,Raw Pressery,Food & Beverages,N/A
895,17-04-2017,Mumbai,Snackible,Food & Beverages,"1,75,000"
896,17-04-2017,New Delhi,Be U Salons,Consumer Internet,"6,20,000"
897,17-04-2017,New Delhi,Simulanis,Consumer Internet,N/A
898,17-04-2017,Ahmedabad,LendingKart,Consumer Internet,"46,50,000"
899,18-04-2017,New Delhi,Innefu Security Consulting,Technology,"20,00,000"
900,18-04-2017,Bangalore,Whodat,Technology,"6,00,000"
901,18-04-2017,Bangalore,Absentia VR,Technology,"12,50,000"
902,19-04-2017,New Delhi,IOTrek,Technology,"1,55,000"
903,20-04-2017,Mumbai,HolaChef,Consumer Internet,"30,00,000"
904,20-04-2017,Bangalore,Wooplr,eCommerce,N/A
905,21-04-2017,Bangalore,Video Ken,Consumer Internet,"10,00,000"
906,24-04-2017,Pune,Faasos,Food & Beverage,"63,00,000"
907,24-04-2017,Gurgaon,Oyo Rooms,Consumer Internet,"25,00,00,000"
908,24-04-2017,Mumbai,Toppr,Consumer Internet,"32,00,000"
909,24-04-2017,Bangalore,Niramai,Healthcare,N/A
910,25-04-2017,Gurgaon,The Office Pass,Consumer Internet,"2,45,000"
911,25-04-2017,Gurgaon,UrbanClap,Consumer Internet,"31,00,000"
912,26-04-2017,Mumbai,Awfis,Consumer Internet,"2,00,00,000"
913,26-04-2017,Bangalore,Myra,Consumer Internet,N/A
914,26-04-2017,Mumbai,Flytxt,Technology,"1,10,00,000"
915,26-04-2017,Chennai,Howdy Ventures,Consumer Internet,"15,00,000"
916,26-04-2017,New Delhi,StalkBuyLove,eCommerce,"10,00,000"
917,26-04-2017,Bangalore,ZipGo,Consumer Internet,N/A
918,27-04-2017,Mumbai,Scootsy,Consumer Internet,"36,00,000"
919,27-04-2017,Pune,Autobix,Technology,N/A
920,27-04-2017,Jaipur,eShiksha,Technology,N/A
921,27-04-2017,Bangalore,iNurture,Consumer Internet,"15,00,000"
922,28-04-2017,New Delhi,Sepalika,Consumer Internet,"7,50,000"
923,28-04-2017,Mumbai,Mintwalk,Consumer Internet,N/A
924,29-04-2017,Jaipur,Qriyo,Consumer Internet,N/A
925,01-03-2017,Bangalore,Ola,Consumer Internet,"33,00,00,000"
926,01-03-2017,Bangalore,Belong,Consumer Internet,"1,00,00,000"
927,01-03-2017,Kolkata,Seenit,Consumer Internet,N/A
928,01-03-2017,New Delhi,Paalak,ECommerce,N/A
929,02-03-2017,Hyderabad,Celes Care,Consumer Internet,"15,00,000"
930,02-03-2017,Chennai,Karomi,Technology,"5,00,000"
931,02-03-2017,Gurgaon,Red Carpet,Consumer Internet,"25,00,000"
932,02-03-2017,Vadodara,Kreate Konnect,Technology,N/A
933,02-03-2017,Chennai,CreditMantri,Consumer Internet,"76,00,000"
934,03-03-2017,Bangalore,Lets Endorse,Consumer Internet,N/A
935,03-03-2017,Bangalore,Tydy,Technology,"2,75,000"
936,03-03-2017,Jaipur,Nactus,Consumer Internet,N/A
937,03-03-2017,Ahmedabad,Oho Shop,Technology,"67,00,000"
938,03-03-2017,Hyderabad,Emojifi,Consumer Internet,N/A
939,03-03-2017,Bangalore,Paytm Marketplace,ECommerce,"20,00,00,000"
940,04-03-2017,Mumbai,iGenetics,Healthcare,"1,95,00,000"
941,06-03-2017,Mumbai,Juno Clinic,Consumer Internet,"12,00,000"
942,06-03-2017,Gurgaon,Summerlabel,Consumer Internet,"1,50,000"
943,06-03-2017,Mumbai,PickMe,Consumer Internet,"17,90,000"
944,07-03-2017,Pune,Agrostar,Technology,"1,00,00,000"
945,07-03-2017,Bangalore,Zapr,Technology,"1,00,00,000"
946,07-03-2017,Noida,Data Resolve,Technology,"10,00,000"
947,07-03-2017,New Delhi,Book Servicing,Consumer Internet,"30,000"
948,07-03-2017,Bangalore,Blowhorn,Consumer Internet,"36,50,000"
949,08-03-2017,Gurgaon,Rivigo,Logistics,"1,50,00,000"
950,08-03-2017,Chennai,PipeCandy,Technology,"11,00,000"
951,08-03-2017,Mumbai,Supr Daily,Consumer Internet,"1,20,000"
952,08-03-2017,Gurgaon,Parentune,Consumer Internet,N/A
953,09-03-2017,Bangalore,AppBrowzer,Consumer Internet,"5,00,000"
954,09-03-2017,Mumbai,MagicBricks,Consumer Internet,"45,00,000"
955,10-03-2017,New Delhi,PeeBuddy,Healthcare,"4,43,000"
956,10-03-2017,New Delhi,iOrderFresh,ECommerce,N/A
957,10-03-2017,Bangalore,Lavelle Networks,Technology,"6,00,000"
958,10-03-2017,Bangalore,PropertyShare,Consumer Internet,N/A
959,14-03-2017,New Delhi,MyDermacy,Consumer Internet,N/A
960,15-03-2017,Hyderabad,LatestOne,eCommerce,"33,50,000"
961,15-03-2017,Kolkata,Frapperz,Consumer Internet,"1,00,000"
962,16-03-2017,Mumbai,mPaani,Consumer Internet,"13,50,000"
963,16-03-2017,Surat,ShilpMIS,Technology,N/A
964,16-03-2017,New Delhi,POPxo,Consumer Internet,"31,00,000"
965,16-03-2017,Gurgaon,Fitso,Consumer Internet,"2,00,000"
966,17-03-2017,Gurgaon,FarMart,Technology,N/A
967,21-03-2017,Bangalore,Flipkart,eCommerce,"1,40,00,00,000"
968,21-03-2017,Mumbai,Airpay,Technology,"36,70,000"
969,21-03-2017,Mumbai,MyGlamm,Consumer Internet,"53,00,000"
970,22-03-2017,New Delhi,The Mons Co.,eCommerce,N/A
971,22-03-2017,Bangalore,Haqdarshak,Consumer Internet,"1,91,000"
972,23-03-2017,Gurgaon,Ixigo,Consumer Internet,"1,50,00,000"
973,23-03-2017,Pune,Markets and Markets,Technology,"5,60,00,000"
974,24-03-2017,Bangalore,Bizom,Technology,"3,82,000"
975,24-03-2017,Bangalore,BabyonBoard,Consumer Internet,N/A
976,24-03-2017,New Delhi,Delhivery,Technology,"10,00,00,000"
977,27-03-2017,New Delhi,Sport Flashes,Consumer Internet,N/A
978,28-03-2017,Mumbai,Fynd,ECommerce,"5,00,000"
979,28-03-2017,New Delhi,Wigzo,Technology,N/A
980,28-03-2017,Gurgaon,DoneThing,Consumer Internet,"3,00,000"
981,29-03-2017,Bangalore,Zapyle,ECommerce,N/A
982,29-03-2017,Mumbai,Ithaka,Consumer Internet,"3,25,000"
983,29-03-2017,Bangalore,perpule,eCommerce,"6,50,000"
984,29-03-2017,Bangalore,Byju\\xe2\\x80\\x99s,Consumer Internet,N/A
985,29-03-2017,Bangalore,Licious,ECommerce,"1,00,00,000"
986,29-03-2017,Bangalore,Medinfi,Consumer Internet,"50,000"
987,30-03-2017,Mumbai,Indus OS,Technology,N/A
988,30-03-2017,Bangalore,Emflux Motors,Technology,N/A
989,30-03-2017,Gurgaon,Klinic App,Consumer Internet,N/A
990,31-03-2017,Mumbai,Jhakaas,Consumer Internet,"1,55,000"
991,31-03-2017,Mumbai,Oriano Solar,Technology,"30,00,000"
992,31-03-2017,Bangalore,BigBasket,ECommerce,"70,00,000"
993,31-03-2017,New Delhi,Rooter,Consumer Internet,N/A
994,31-03-2017,Bangalore,FalconBrick,Technology,N/A
995,31-03-2017,Pune,Icertis,Technology,"2,50,00,000"
996,02-02-2017,Pune,Clodura,Technology,N/A
997,03-02-2017,Hyderabad,Stockroom.io,Consumer Internet,N/A
998,06-02-2017,Bangalore,Capital Float,Consumer Internet,"25,00,000"
999,06-02-2017,Kolkata,iManageMyHotel,Technology,N/A
1000,07-02-2017,Mumbai,Inner Hour,Consumer Internet,"4,50,000"
